{
  "best_units": 20,
  "train_mean": 0.00013443115703583148,
  "train_std": 0.023490995355366334,
  "trained_at": "2026-02-10T01:54:00.877595",
  "sp_id": 3
}